[
  {
    "id": "7f32810d-2877-494b-989f-39b1a92e0f8b",
    "data": [
      {
        "text": "que mange-t-on ",
        "userDefined": false
      },
      {
        "text": "ce soir",
        "alias": "date",
        "meta": "@sys.date",
        "userDefined": false
      },
      {
        "text": " ?",
        "userDefined": false
      }
    ],
    "isTemplate": false,
    "count": 0,
    "updated": 1549138018
  },
  {
    "id": "d28950e0-2830-4256-a5e7-d92741c57211",
    "data": [
      {
        "text": "on mange quoi ",
        "userDefined": false
      },
      {
        "text": "au soir",
        "alias": "time-period",
        "meta": "@sys.time-period",
        "userDefined": false
      },
      {
        "text": " ?",
        "userDefined": false
      }
    ],
    "isTemplate": false,
    "count": 0
  },
  {
    "id": "711c6636-d5d4-4172-ab1e-c7a0fa3db705",
    "data": [
      {
        "text": "on mange quoi ce ",
        "userDefined": false
      },
      {
        "text": "midi",
        "alias": "time-period",
        "meta": "@sys.time-period",
        "userDefined": false
      },
      {
        "text": " ?",
        "userDefined": false
      }
    ],
    "isTemplate": false,
    "count": 0
  },
  {
    "id": "f6de20df-b951-4c4f-85f1-af4f40ae666e",
    "data": [
      {
        "text": "on mange quoi ",
        "userDefined": false
      },
      {
        "text": "ce soir",
        "alias": "date",
        "meta": "@sys.date",
        "userDefined": false
      },
      {
        "text": " ?",
        "userDefined": false
      }
    ],
    "isTemplate": false,
    "count": 0
  },
  {
    "id": "14c6670b-ac19-4110-afbb-3481021b3df2",
    "data": [
      {
        "text": "qu\u0027est-ce qu\u0027on mange ",
        "userDefined": false
      },
      {
        "text": "demain",
        "alias": "date",
        "meta": "@sys.date",
        "userDefined": false
      },
      {
        "text": " ?",
        "userDefined": false
      }
    ],
    "isTemplate": false,
    "count": 0
  },
  {
    "id": "8957f3f0-15f0-4cbb-975e-68ef7e2f9b5a",
    "data": [
      {
        "text": "qu\u0027est-ce qu\u0027on mange ce ",
        "userDefined": false
      },
      {
        "text": "midi",
        "alias": "time-period",
        "meta": "@sys.time-period",
        "userDefined": false
      },
      {
        "text": " ?",
        "userDefined": false
      }
    ],
    "isTemplate": false,
    "count": 0
  },
  {
    "id": "ffa848bf-8cd5-430a-9d57-22eada636468",
    "data": [
      {
        "text": "qu\u0027est-ce qu\u0027on mange ",
        "userDefined": false
      },
      {
        "text": "ce soir",
        "alias": "time-period",
        "meta": "@sys.time-period",
        "userDefined": false
      },
      {
        "text": " ?",
        "userDefined": false
      }
    ],
    "isTemplate": false,
    "count": 0
  },
  {
    "id": "5721d84f-3378-4bbe-94c2-22ce2d95bb78",
    "data": [
      {
        "text": "peux-tu me donner le repas de ce ",
        "userDefined": false
      },
      {
        "text": "midi",
        "alias": "time-period",
        "meta": "@sys.time-period",
        "userDefined": false
      },
      {
        "text": " ?",
        "userDefined": false
      }
    ],
    "isTemplate": false,
    "count": 0
  },
  {
    "id": "f5d67fe6-9581-455d-91ef-df9ee3ee2aa6",
    "data": [
      {
        "text": "peux-tu me donner le repas ",
        "userDefined": false
      },
      {
        "text": "de ce soir",
        "alias": "time-period",
        "meta": "@sys.time-period",
        "userDefined": false
      },
      {
        "text": " ?",
        "userDefined": false
      }
    ],
    "isTemplate": false,
    "count": 0
  }
]