[
  {
    "id": "6bd1e1b0-fea3-4914-b17f-0b8a24cd8ed8",
    "data": [
      {
        "text": "mets ",
        "userDefined": false
      },
      {
        "text": "moi",
        "meta": "@sys.ignore",
        "userDefined": false
      },
      {
        "text": " des ",
        "userDefined": false
      },
      {
        "text": "gaufres poivrons verts",
        "alias": "meal-description",
        "meta": "@meal-description",
        "userDefined": true
      },
      {
        "text": " pour ",
        "userDefined": false
      },
      {
        "text": "lundi",
        "alias": "date",
        "meta": "@sys.date",
        "userDefined": false
      },
      {
        "text": " ",
        "userDefined": false
      },
      {
        "text": "midi",
        "alias": "meal-period",
        "meta": "@meal-period",
        "userDefined": false
      }
    ],
    "isTemplate": false,
    "count": 0,
    "updated": 0
  },
  {
    "id": "7cf81f66-028f-4dce-b112-2aa3e2e0d398",
    "data": [
      {
        "text": "je veux manger des ",
        "userDefined": false
      },
      {
        "text": "haricots",
        "alias": "meal-description",
        "meta": "@meal-description",
        "userDefined": true
      },
      {
        "text": " ",
        "userDefined": false
      },
      {
        "text": "vendredi",
        "alias": "date",
        "meta": "@sys.date",
        "userDefined": false
      },
      {
        "text": " ",
        "userDefined": false
      },
      {
        "text": "soir",
        "alias": "meal-period",
        "meta": "@meal-period",
        "userDefined": false
      }
    ],
    "isTemplate": false,
    "count": 0,
    "updated": 0
  },
  {
    "id": "8993c778-1971-4552-9e07-074c64cd3f3a",
    "data": [
      {
        "text": "je veux manger de la ",
        "userDefined": false
      },
      {
        "text": "Raclette",
        "alias": "meal-description",
        "meta": "@meal-description",
        "userDefined": true
      },
      {
        "text": " ",
        "userDefined": false
      },
      {
        "text": "demain",
        "alias": "date",
        "meta": "@sys.date",
        "userDefined": false
      },
      {
        "text": " ",
        "userDefined": false
      },
      {
        "text": "midi",
        "alias": "meal-period",
        "meta": "@meal-period",
        "userDefined": false
      }
    ],
    "isTemplate": false,
    "count": 0,
    "updated": 0
  },
  {
    "id": "3c31c3a0-c921-41f3-bbdb-b463c805d81a",
    "data": [
      {
        "text": "ajoute ",
        "userDefined": false
      },
      {
        "text": "Tartiflette",
        "alias": "meal-description",
        "meta": "@meal-description",
        "userDefined": false
      },
      {
        "text": " pour ",
        "userDefined": false
      },
      {
        "text": "jeudi",
        "alias": "date",
        "meta": "@sys.date",
        "userDefined": false
      },
      {
        "text": " ",
        "userDefined": false
      },
      {
        "text": "midi",
        "alias": "meal-period",
        "meta": "@meal-period",
        "userDefined": false
      }
    ],
    "isTemplate": false,
    "count": 0,
    "updated": 0
  },
  {
    "id": "995a43c5-c830-484f-96cc-b4624296b097",
    "data": [
      {
        "text": "ajoute ",
        "userDefined": false
      },
      {
        "text": "Soupe pain et fromage",
        "alias": "meal-description",
        "meta": "@meal-description",
        "userDefined": true
      },
      {
        "text": " ",
        "userDefined": false
      },
      {
        "text": "pour demain",
        "alias": "date",
        "meta": "@sys.date",
        "userDefined": false
      },
      {
        "text": " ",
        "userDefined": false
      },
      {
        "text": "soir",
        "alias": "meal-period",
        "meta": "@meal-period",
        "userDefined": false
      }
    ],
    "isTemplate": false,
    "count": 0,
    "updated": 0
  }
]