[
  {
    "id": "871d5b3f-a498-46fb-9455-9846d5fe1e8c",
    "data": [
      {
        "text": "et ce ",
        "userDefined": false
      },
      {
        "text": "soir",
        "alias": "meal-period",
        "meta": "@meal-period",
        "userDefined": false
      },
      {
        "text": " ?",
        "userDefined": false
      }
    ],
    "isTemplate": false,
    "count": 0,
    "updated": 0
  },
  {
    "id": "dc848c47-48fd-4903-b9e1-7d7203428400",
    "data": [
      {
        "text": "et ",
        "userDefined": false
      },
      {
        "text": "demain",
        "alias": "date",
        "meta": "@sys.date",
        "userDefined": false
      },
      {
        "text": " ",
        "userDefined": false
      },
      {
        "text": "midi",
        "alias": "meal-period",
        "meta": "@meal-period",
        "userDefined": false
      },
      {
        "text": " ?",
        "userDefined": false
      }
    ],
    "isTemplate": false,
    "count": 0,
    "updated": 0
  },
  {
    "id": "a1fa7d1e-d1e6-46f0-a8f3-bdc672c8fbb7",
    "data": [
      {
        "text": "et ",
        "userDefined": false
      },
      {
        "text": "demain",
        "alias": "date",
        "meta": "@sys.date",
        "userDefined": false
      },
      {
        "text": " ",
        "userDefined": false
      },
      {
        "text": "soir",
        "alias": "meal-period",
        "meta": "@meal-period",
        "userDefined": false
      },
      {
        "text": " ?",
        "userDefined": false
      }
    ],
    "isTemplate": false,
    "count": 0,
    "updated": 0
  },
  {
    "id": "f6dfc3e1-3479-4e79-9afc-d2962cdeeff5",
    "data": [
      {
        "text": "et ",
        "userDefined": false
      },
      {
        "text": "demain",
        "alias": "date",
        "meta": "@sys.date",
        "userDefined": false
      },
      {
        "text": " ?",
        "userDefined": false
      }
    ],
    "isTemplate": false,
    "count": 0,
    "updated": 0
  }
]