[
  {
    "id": "3004be15-273b-4148-9f7a-468d2433a78c",
    "data": [
      {
        "text": "et ce ",
        "userDefined": false
      },
      {
        "text": "soir",
        "alias": "meal-period",
        "meta": "@meal-period",
        "userDefined": false
      },
      {
        "text": " ?",
        "userDefined": false
      }
    ],
    "isTemplate": false,
    "count": 0,
    "updated": 0
  },
  {
    "id": "e495dd6a-5d19-477f-9e5e-239bbfe23dea",
    "data": [
      {
        "text": "et ",
        "userDefined": false
      },
      {
        "text": "demain",
        "alias": "date",
        "meta": "@sys.date",
        "userDefined": false
      },
      {
        "text": " ",
        "userDefined": false
      },
      {
        "text": "midi",
        "alias": "meal-period",
        "meta": "@meal-period",
        "userDefined": false
      },
      {
        "text": " ?",
        "userDefined": false
      }
    ],
    "isTemplate": false,
    "count": 0,
    "updated": 0
  },
  {
    "id": "66dd67f0-ff48-45cb-95b7-25b0948acda7",
    "data": [
      {
        "text": "et ",
        "userDefined": false
      },
      {
        "text": "demain",
        "alias": "date",
        "meta": "@sys.date",
        "userDefined": false
      },
      {
        "text": " ",
        "userDefined": false
      },
      {
        "text": "soir",
        "alias": "meal-period",
        "meta": "@meal-period",
        "userDefined": false
      },
      {
        "text": " ?",
        "userDefined": false
      }
    ],
    "isTemplate": false,
    "count": 0,
    "updated": 0
  },
  {
    "id": "8d1ee4e0-5e48-4f6e-bba6-163168f4d1fa",
    "data": [
      {
        "text": "et ",
        "userDefined": false
      },
      {
        "text": "demain",
        "alias": "date",
        "meta": "@sys.date",
        "userDefined": false
      },
      {
        "text": " ?",
        "userDefined": false
      }
    ],
    "isTemplate": false,
    "count": 0,
    "updated": 0
  }
]