[
  {
    "id": "1d0fc8bc-beb1-444f-a6c3-4c4bb6b93956",
    "data": [
      {
        "text": "Non",
        "userDefined": false
      }
    ],
    "isTemplate": false,
    "count": 0,
    "updated": 0
  },
  {
    "id": "043a3bee-1d7e-4594-ac44-1b0fcaf9a44a",
    "data": [
      {
        "text": "A plus",
        "userDefined": false
      }
    ],
    "isTemplate": false,
    "count": 1,
    "updated": 0
  },
  {
    "id": "686d2ded-87a1-4768-9729-33d50a8e1e15",
    "data": [
      {
        "text": "C\u0027est tout ",
        "userDefined": false
      },
      {
        "text": "pour moi",
        "meta": "@sys.ignore",
        "userDefined": false
      }
    ],
    "isTemplate": false,
    "count": 0,
    "updated": 0
  },
  {
    "id": "2b054ae5-2634-4da6-9120-8d0a3df9f292",
    "data": [
      {
        "text": "A bientôt",
        "userDefined": false
      }
    ],
    "isTemplate": false,
    "count": 0,
    "updated": 0
  },
  {
    "id": "2db026f1-7406-408c-b8ca-349384af9f4a",
    "data": [
      {
        "text": "Salut",
        "userDefined": false
      }
    ],
    "isTemplate": false,
    "count": 0,
    "updated": 0
  },
  {
    "id": "b59fc720-e383-4e9e-983f-7a55a023639c",
    "data": [
      {
        "text": "Au revoir",
        "userDefined": false
      }
    ],
    "isTemplate": false,
    "count": 0,
    "updated": 0
  }
]