[
  {
    "id": "03c8e1db-baf7-4e3e-ae7f-a408867df9a2",
    "data": [
      {
        "text": "Planifier ",
        "userDefined": false
      },
      {
        "text": "un",
        "meta": "@sys.ignore",
        "userDefined": false
      },
      {
        "text": " menu",
        "userDefined": false
      }
    ],
    "isTemplate": false,
    "count": 0,
    "updated": 0
  },
  {
    "id": "25ca0f1c-1d19-4079-9296-a5d190b3d8ac",
    "data": [
      {
        "text": "Planifier ",
        "userDefined": false
      },
      {
        "text": "un",
        "meta": "@sys.ignore",
        "userDefined": false
      },
      {
        "text": " repas",
        "userDefined": false
      }
    ],
    "isTemplate": false,
    "count": 0,
    "updated": 0
  },
  {
    "id": "0f0db8a2-5b24-41b2-982f-868200909221",
    "data": [
      {
        "text": "Je veux faire les menus ",
        "userDefined": false
      },
      {
        "text": "de la semaine",
        "meta": "@sys.ignore",
        "userDefined": false
      }
    ],
    "isTemplate": false,
    "count": 0,
    "updated": 0
  },
  {
    "id": "c30ac98a-3193-4517-987d-5e8e828e7558",
    "data": [
      {
        "text": "Je veux faire les menus",
        "userDefined": false
      }
    ],
    "isTemplate": false,
    "count": 0,
    "updated": 0
  },
  {
    "id": "c9f278e2-69cb-4d17-878b-bdd623cfd8af",
    "data": [
      {
        "text": "Je veux planifier ",
        "userDefined": false
      },
      {
        "text": "un",
        "meta": "@sys.ignore",
        "userDefined": false
      },
      {
        "text": " repas",
        "userDefined": false
      }
    ],
    "isTemplate": false,
    "count": 0,
    "updated": 0
  }
]