[
  {
    "id": "0cf6d02c-20dc-4a51-93ff-92274bca03dc",
    "data": [
      {
        "text": "de la ",
        "userDefined": false
      },
      {
        "text": "soupe du pain et du fromage",
        "alias": "meal-description",
        "meta": "@sys.any",
        "userDefined": false
      }
    ],
    "isTemplate": false,
    "count": 0,
    "updated": 0
  },
  {
    "id": "bc42f013-baf6-4990-8576-099c033e6607",
    "data": [
      {
        "text": "des ",
        "userDefined": false
      },
      {
        "text": "pâtes carbonara",
        "alias": "meal-description",
        "meta": "@sys.any",
        "userDefined": true
      }
    ],
    "isTemplate": false,
    "count": 0,
    "updated": 0
  },
  {
    "id": "8d6cfecc-5aa8-4107-854c-92c2284d7c9b",
    "data": [
      {
        "text": "gratin de chou-fleur",
        "alias": "meal-description",
        "meta": "@sys.any",
        "userDefined": true
      }
    ],
    "isTemplate": false,
    "count": 0,
    "updated": 0
  },
  {
    "id": "f2260f9f-640d-4863-9e49-3471fc5d3b58",
    "data": [
      {
        "text": "je veux un ",
        "userDefined": false
      },
      {
        "text": "sandwich",
        "alias": "meal-description",
        "meta": "@sys.any",
        "userDefined": true
      }
    ],
    "isTemplate": false,
    "count": 0,
    "updated": 0
  },
  {
    "id": "78880b46-e5b9-46a7-b500-d938893348ea",
    "data": [
      {
        "text": "je veux des ",
        "userDefined": false
      },
      {
        "text": "frites",
        "alias": "meal-description",
        "meta": "@sys.any",
        "userDefined": false
      }
    ],
    "isTemplate": false,
    "count": 0,
    "updated": 0
  },
  {
    "id": "290f0d4b-c354-4851-9f50-083bf71949c8",
    "data": [
      {
        "text": "des ",
        "userDefined": false
      },
      {
        "text": "pâtes",
        "alias": "meal-description",
        "meta": "@sys.any",
        "userDefined": true
      }
    ],
    "isTemplate": false,
    "count": 1,
    "updated": 0
  },
  {
    "id": "dcc64915-a28f-4dbf-8621-bac3143b2c4f",
    "data": [
      {
        "text": "des ",
        "userDefined": false
      },
      {
        "text": "pâtes sauce tomates",
        "alias": "meal-description",
        "meta": "@sys.any",
        "userDefined": true
      }
    ],
    "isTemplate": false,
    "count": 1,
    "updated": 0
  },
  {
    "id": "272a4a32-568c-4f19-b3c0-e6409c1e711d",
    "data": [
      {
        "text": "met moi ",
        "userDefined": false
      },
      {
        "text": "soupe pain et fromage",
        "alias": "meal-description",
        "meta": "@sys.any",
        "userDefined": true
      }
    ],
    "isTemplate": false,
    "count": 0,
    "updated": 0
  },
  {
    "id": "5d256c9d-4812-4d4b-b357-eef774fe0b3e",
    "data": [
      {
        "text": "je manger des ",
        "userDefined": false
      },
      {
        "text": "haricots",
        "alias": "meal-description",
        "meta": "@sys.any",
        "userDefined": true
      }
    ],
    "isTemplate": false,
    "count": 0,
    "updated": 0
  }
]