[
  {
    "id": "71da1a01-5c76-4fc1-b440-cd8b1f2cc4f0",
    "data": [
      {
        "text": "non ça ira",
        "userDefined": false
      }
    ],
    "isTemplate": false,
    "count": 0,
    "updated": 0
  },
  {
    "id": "f695ee73-9638-4403-9fe8-4806d185009f",
    "data": [
      {
        "text": "non ",
        "userDefined": false
      },
      {
        "text": "merci",
        "meta": "@sys.ignore",
        "userDefined": false
      }
    ],
    "isTemplate": false,
    "count": 0,
    "updated": 0
  },
  {
    "id": "a59cf587-6e96-4f5e-8233-b1711dc0cc07",
    "data": [
      {
        "text": "non",
        "userDefined": false
      }
    ],
    "isTemplate": false,
    "count": 0,
    "updated": 0
  }
]