[
  {
    "id": "cc029dea-e2e0-47df-9884-e861ad418a5c",
    "data": [
      {
        "text": "Ok",
        "userDefined": false
      }
    ],
    "isTemplate": false,
    "count": 0,
    "updated": 0
  },
  {
    "id": "41e0994d-7fab-4387-a020-95fa35228782",
    "data": [
      {
        "text": "Tout à fait",
        "userDefined": false
      }
    ],
    "isTemplate": false,
    "count": 0,
    "updated": 0
  },
  {
    "id": "8494408a-6ce1-4e65-b9a4-9e3777c76b32",
    "data": [
      {
        "text": "Je veux bien",
        "userDefined": false
      }
    ],
    "isTemplate": false,
    "count": 0,
    "updated": 0
  },
  {
    "id": "a52a866e-574a-4f55-9a4b-17bb7c2adeba",
    "data": [
      {
        "text": "D\u0027accord",
        "userDefined": false
      }
    ],
    "isTemplate": false,
    "count": 0,
    "updated": 0
  },
  {
    "id": "61de915a-5070-4664-b14c-4bd9ca0b8b7b",
    "data": [
      {
        "text": "Oui",
        "userDefined": false
      }
    ],
    "isTemplate": false,
    "count": 0,
    "updated": 0
  }
]