[
  {
    "id": "adfd7d0e-0370-44b1-b0e6-a31337f139ea",
    "data": [
      {
        "text": "lundi",
        "alias": "date",
        "meta": "@sys.date",
        "userDefined": false
      },
      {
        "text": " ",
        "userDefined": false
      },
      {
        "text": "soir",
        "alias": "meal-period",
        "meta": "@meal-period",
        "userDefined": false
      }
    ],
    "isTemplate": false,
    "count": 0,
    "updated": 0
  },
  {
    "id": "77995c83-adbd-4ec3-8901-b9ffa9dbcbb8",
    "data": [
      {
        "text": "lundi",
        "alias": "date",
        "meta": "@sys.date",
        "userDefined": false
      },
      {
        "text": " ",
        "userDefined": false
      },
      {
        "text": "midi",
        "alias": "meal-period",
        "meta": "@meal-period",
        "userDefined": false
      }
    ],
    "isTemplate": false,
    "count": 0,
    "updated": 0
  },
  {
    "id": "0b8c9f50-dbc3-4af7-a7c0-cc0587aca15c",
    "data": [
      {
        "text": "Je veux planifier le menu de ",
        "userDefined": false
      },
      {
        "text": "lundi",
        "alias": "date",
        "meta": "@sys.date",
        "userDefined": false
      },
      {
        "text": " ",
        "userDefined": false
      },
      {
        "text": "midi",
        "alias": "meal-period",
        "meta": "@meal-period",
        "userDefined": false
      }
    ],
    "isTemplate": false,
    "count": 0,
    "updated": 0
  },
  {
    "id": "47c7ae00-bb13-453b-80e7-f9bc691f0bb6",
    "data": [
      {
        "text": "Je veux planifier les menus de ",
        "userDefined": false
      },
      {
        "text": "lundi",
        "alias": "date",
        "meta": "@sys.date",
        "userDefined": false
      }
    ],
    "isTemplate": false,
    "count": 0,
    "updated": 0
  },
  {
    "id": "8eb09eaa-7f90-4b6c-bc97-0c57d1e1066c",
    "data": [
      {
        "text": "Je veux planifier les repas de ",
        "userDefined": false
      },
      {
        "text": "lundi",
        "alias": "date",
        "meta": "@sys.date",
        "userDefined": false
      }
    ],
    "isTemplate": false,
    "count": 0,
    "updated": 0
  },
  {
    "id": "e700ab7e-87f0-43b1-9840-abf7b309d13a",
    "data": [
      {
        "text": "dimanche",
        "alias": "date",
        "meta": "@sys.date",
        "userDefined": false
      }
    ],
    "isTemplate": false,
    "count": 0,
    "updated": 0
  },
  {
    "id": "48364faf-7010-4051-a1cd-5f2a0ce31e7b",
    "data": [
      {
        "text": "samedi",
        "alias": "date",
        "meta": "@sys.date",
        "userDefined": false
      }
    ],
    "isTemplate": false,
    "count": 0,
    "updated": 0
  },
  {
    "id": "53ee27fa-bc89-4c3f-9c2b-8a616dfbb839",
    "data": [
      {
        "text": "vendredi",
        "alias": "date",
        "meta": "@sys.date",
        "userDefined": false
      }
    ],
    "isTemplate": false,
    "count": 0,
    "updated": 0
  },
  {
    "id": "bda1c987-c235-4d41-a5b0-6dca82e97a3c",
    "data": [
      {
        "text": "jeudi",
        "alias": "date",
        "meta": "@sys.date",
        "userDefined": false
      }
    ],
    "isTemplate": false,
    "count": 0,
    "updated": 0
  },
  {
    "id": "631ff2df-48a2-44ef-b70d-5f917e49f709",
    "data": [
      {
        "text": "mercredi",
        "alias": "date",
        "meta": "@sys.date",
        "userDefined": false
      }
    ],
    "isTemplate": false,
    "count": 0,
    "updated": 0
  },
  {
    "id": "35f19248-42c3-4936-9671-1cfe52b336fd",
    "data": [
      {
        "text": "mardi",
        "alias": "date",
        "meta": "@sys.date",
        "userDefined": false
      }
    ],
    "isTemplate": false,
    "count": 0,
    "updated": 0
  },
  {
    "id": "c6cc367b-c34d-4ac7-9f07-a20e65ca096b",
    "data": [
      {
        "text": "lundi",
        "alias": "date",
        "meta": "@sys.date",
        "userDefined": false
      }
    ],
    "isTemplate": false,
    "count": 0,
    "updated": 0
  }
]