[
  {
    "id": "4355acd1-9b49-4dd8-966c-b07a6cf06d53",
    "data": [
      {
        "text": "gratin de chou-fleur",
        "alias": "meal-description",
        "meta": "@meal-description",
        "userDefined": true
      }
    ],
    "isTemplate": false,
    "count": 0,
    "updated": 0
  },
  {
    "id": "6c0dafb4-5dbd-4336-b33b-61eac5ce7d1a",
    "data": [
      {
        "text": "je veux un ",
        "userDefined": false
      },
      {
        "text": "sandwich",
        "alias": "meal-description",
        "meta": "@meal-description",
        "userDefined": true
      }
    ],
    "isTemplate": false,
    "count": 0,
    "updated": 0
  },
  {
    "id": "bb5f2c4a-b668-4208-904e-717c55977e94",
    "data": [
      {
        "text": "je veux des ",
        "userDefined": false
      },
      {
        "text": "frites",
        "alias": "meal-description",
        "meta": "@meal-description",
        "userDefined": false
      }
    ],
    "isTemplate": false,
    "count": 0,
    "updated": 0
  },
  {
    "id": "1883edca-57db-470b-9511-fb80f10b333b",
    "data": [
      {
        "text": "des ",
        "userDefined": false
      },
      {
        "text": "pâtes",
        "alias": "meal-description",
        "meta": "@meal-description",
        "userDefined": true
      }
    ],
    "isTemplate": false,
    "count": 1,
    "updated": 0
  },
  {
    "id": "66038ff5-84ed-442b-8428-8a481e532b81",
    "data": [
      {
        "text": "des ",
        "userDefined": false
      },
      {
        "text": "pâtes sauce tomates",
        "alias": "meal-description",
        "meta": "@meal-description",
        "userDefined": true
      }
    ],
    "isTemplate": false,
    "count": 1,
    "updated": 0
  },
  {
    "id": "9f0457b1-3ba4-4738-8e02-54fae22420f5",
    "data": [
      {
        "text": "met moi ",
        "userDefined": false
      },
      {
        "text": "soupe pain et fromage",
        "alias": "meal-description",
        "meta": "@meal-description",
        "userDefined": true
      }
    ],
    "isTemplate": false,
    "count": 0,
    "updated": 0
  },
  {
    "id": "530baf49-b7a1-4afc-a65d-e15d2ab96104",
    "data": [
      {
        "text": "je manger des ",
        "userDefined": false
      },
      {
        "text": "haricots",
        "alias": "meal-description",
        "meta": "@meal-description",
        "userDefined": true
      }
    ],
    "isTemplate": false,
    "count": 0,
    "updated": 0
  }
]