[
  {
    "id": "5db7efd1-5a3a-4a39-9d5a-05cf8f4a7a40",
    "data": [
      {
        "text": "je veux manger du ",
        "userDefined": false
      },
      {
        "text": "riz",
        "alias": "meal-description",
        "meta": "@sys.any",
        "userDefined": true
      },
      {
        "text": " ",
        "userDefined": false
      },
      {
        "text": "demain",
        "alias": "date",
        "meta": "@sys.date",
        "userDefined": true
      },
      {
        "text": " ",
        "userDefined": false
      },
      {
        "text": "soir",
        "alias": "meal-period",
        "meta": "@meal-period",
        "userDefined": true
      }
    ],
    "isTemplate": false,
    "count": 0,
    "updated": 0
  },
  {
    "id": "906bf929-88e8-4d0f-add1-dcc39e7ebb3e",
    "data": [
      {
        "text": "je veux manger des ",
        "userDefined": false
      },
      {
        "text": "gaufres",
        "alias": "meal-description",
        "meta": "@sys.any",
        "userDefined": true
      }
    ],
    "isTemplate": false,
    "count": 0,
    "updated": 0
  },
  {
    "id": "4297d5eb-aa19-4e6c-b32b-151d3e59cf0b",
    "data": [
      {
        "text": "mets ",
        "userDefined": false
      },
      {
        "text": "moi",
        "meta": "@sys.ignore",
        "userDefined": false
      },
      {
        "text": " des ",
        "userDefined": false
      },
      {
        "text": "gaufres poivrons verts",
        "alias": "meal-description",
        "meta": "@sys.any",
        "userDefined": true
      },
      {
        "text": " pour ",
        "userDefined": false
      },
      {
        "text": "lundi",
        "alias": "date",
        "meta": "@sys.date",
        "userDefined": false
      },
      {
        "text": " ",
        "userDefined": false
      },
      {
        "text": "midi",
        "alias": "meal-period",
        "meta": "@meal-period",
        "userDefined": false
      }
    ],
    "isTemplate": false,
    "count": 0,
    "updated": 0
  },
  {
    "id": "ea6b7a56-cb61-4982-ab4a-d9a6f4910030",
    "data": [
      {
        "text": "je veux manger des ",
        "userDefined": false
      },
      {
        "text": "haricots",
        "alias": "meal-description",
        "meta": "@sys.any",
        "userDefined": true
      },
      {
        "text": " ",
        "userDefined": false
      },
      {
        "text": "vendredi",
        "alias": "date",
        "meta": "@sys.date",
        "userDefined": false
      },
      {
        "text": " ",
        "userDefined": false
      },
      {
        "text": "soir",
        "alias": "meal-period",
        "meta": "@meal-period",
        "userDefined": false
      }
    ],
    "isTemplate": false,
    "count": 0,
    "updated": 0
  },
  {
    "id": "ab2427ff-cf0f-422f-8571-738c543b733c",
    "data": [
      {
        "text": "je veux manger de la ",
        "userDefined": false
      },
      {
        "text": "Raclette",
        "alias": "meal-description",
        "meta": "@sys.any",
        "userDefined": true
      },
      {
        "text": " ",
        "userDefined": false
      },
      {
        "text": "demain",
        "alias": "date",
        "meta": "@sys.date",
        "userDefined": false
      },
      {
        "text": " ",
        "userDefined": false
      },
      {
        "text": "midi",
        "alias": "meal-period",
        "meta": "@meal-period",
        "userDefined": false
      }
    ],
    "isTemplate": false,
    "count": 0,
    "updated": 0
  },
  {
    "id": "1049c8c1-184a-4afd-96d9-01e431b5c152",
    "data": [
      {
        "text": "ajoute ",
        "userDefined": false
      },
      {
        "text": "Tartiflette",
        "alias": "meal-description",
        "meta": "@sys.any",
        "userDefined": true
      },
      {
        "text": " pour ",
        "userDefined": false
      },
      {
        "text": "jeudi",
        "alias": "date",
        "meta": "@sys.date",
        "userDefined": false
      },
      {
        "text": " ",
        "userDefined": false
      },
      {
        "text": "midi",
        "alias": "meal-period",
        "meta": "@meal-period",
        "userDefined": false
      }
    ],
    "isTemplate": false,
    "count": 0,
    "updated": 0
  },
  {
    "id": "bf90a2d9-4829-4909-b3b2-057e11c131f1",
    "data": [
      {
        "text": "ajoute ",
        "userDefined": false
      },
      {
        "text": "Soupe pain et fromage",
        "alias": "meal-description",
        "meta": "@sys.any",
        "userDefined": true
      },
      {
        "text": " ",
        "userDefined": false
      },
      {
        "text": "pour demain",
        "alias": "date",
        "meta": "@sys.date",
        "userDefined": false
      },
      {
        "text": " ",
        "userDefined": false
      },
      {
        "text": "soir",
        "alias": "meal-period",
        "meta": "@meal-period",
        "userDefined": false
      }
    ],
    "isTemplate": false,
    "count": 0,
    "updated": 0
  }
]