[
  {
    "id": "f61f20dd-0f6d-4473-9068-381abec4a042",
    "data": [
      {
        "text": "Je veux planifier les repas",
        "userDefined": false
      }
    ],
    "isTemplate": false,
    "count": 0,
    "updated": 0
  },
  {
    "id": "9e1975bf-47db-4216-9977-678d65e77b13",
    "data": [
      {
        "text": "Planifier ",
        "userDefined": false
      },
      {
        "text": "un",
        "meta": "@sys.ignore",
        "userDefined": false
      },
      {
        "text": " menu",
        "userDefined": false
      }
    ],
    "isTemplate": false,
    "count": 0,
    "updated": 0
  },
  {
    "id": "50fd31af-1041-42b1-8e9c-ba86a6079da6",
    "data": [
      {
        "text": "Planifier ",
        "userDefined": false
      },
      {
        "text": "un",
        "meta": "@sys.ignore",
        "userDefined": false
      },
      {
        "text": " repas",
        "userDefined": false
      }
    ],
    "isTemplate": false,
    "count": 0,
    "updated": 0
  },
  {
    "id": "45470c27-4498-40ef-b2b1-8683476ee2bf",
    "data": [
      {
        "text": "Je veux faire les menus ",
        "userDefined": false
      },
      {
        "text": "de la semaine",
        "meta": "@sys.ignore",
        "userDefined": false
      }
    ],
    "isTemplate": false,
    "count": 0,
    "updated": 0
  },
  {
    "id": "e840aaf3-1ad5-43e3-b258-5179576db6f3",
    "data": [
      {
        "text": "Je veux faire les menus",
        "userDefined": false
      }
    ],
    "isTemplate": false,
    "count": 0,
    "updated": 0
  },
  {
    "id": "cc7c1ed4-99c6-47d7-ae91-42e06d5e0d11",
    "data": [
      {
        "text": "Je veux planifier ",
        "userDefined": false
      },
      {
        "text": "un",
        "meta": "@sys.ignore",
        "userDefined": false
      },
      {
        "text": " repas",
        "userDefined": false
      }
    ],
    "isTemplate": false,
    "count": 0,
    "updated": 0
  }
]