[
  {
    "id": "e33ec8b0-e24b-4953-9953-b8053daa475d",
    "data": [
      {
        "text": "Je veux planifier les plats du ",
        "userDefined": false
      },
      {
        "text": "22 juillet 2019",
        "alias": "date",
        "meta": "@sys.date",
        "userDefined": false
      }
    ],
    "isTemplate": false,
    "count": 0,
    "updated": 0
  },
  {
    "id": "0f031da5-7cfe-4a9e-a6c2-a114259f239b",
    "data": [
      {
        "text": "Je veux planifer les plats ",
        "userDefined": false
      },
      {
        "text": "de demain",
        "alias": "date",
        "meta": "@sys.date",
        "userDefined": false
      }
    ],
    "isTemplate": false,
    "count": 0,
    "updated": 0
  },
  {
    "id": "bef4857e-748f-44b3-a946-8a385a71c79e",
    "data": [
      {
        "text": "Je veux planifier les repas ",
        "userDefined": false
      },
      {
        "text": "de demain",
        "alias": "date",
        "meta": "@sys.date",
        "userDefined": false
      }
    ],
    "isTemplate": false,
    "count": 0,
    "updated": 0
  },
  {
    "id": "8fbe77eb-85b5-48d6-913d-d2af12d4f289",
    "data": [
      {
        "text": "Je veux planifier les repas de ",
        "userDefined": false
      },
      {
        "text": "lundi",
        "alias": "date",
        "meta": "@sys.date",
        "userDefined": false
      },
      {
        "text": " ",
        "userDefined": false
      },
      {
        "text": "midi",
        "alias": "meal-period",
        "meta": "@meal-period",
        "userDefined": false
      }
    ],
    "isTemplate": false,
    "count": 0,
    "updated": 0
  },
  {
    "id": "9b5889a4-0854-4865-9d5b-2cfff3079221",
    "data": [
      {
        "text": "Je veux planifier les repas de ",
        "userDefined": false
      },
      {
        "text": "lundi",
        "alias": "date",
        "meta": "@sys.date",
        "userDefined": false
      }
    ],
    "isTemplate": false,
    "count": 0,
    "updated": 0
  }
]