[
  {
    "id": "cc79bec8-0dbe-409a-91fa-d420cfc931ab",
    "data": [
      {
        "text": "Je veux planifier le menu de ",
        "userDefined": false
      },
      {
        "text": "lundi",
        "alias": "date",
        "meta": "@sys.date",
        "userDefined": false
      }
    ],
    "isTemplate": false,
    "count": 0,
    "updated": 0
  },
  {
    "id": "526fb09b-827f-427f-a329-a7980480594e",
    "data": [
      {
        "text": "Je veux planifier les repas de ",
        "userDefined": false
      },
      {
        "text": "lundi",
        "alias": "date",
        "meta": "@sys.date",
        "userDefined": false
      }
    ],
    "isTemplate": false,
    "count": 0,
    "updated": 0
  },
  {
    "id": "f282b437-4d4f-470b-9232-a961cb50bc08",
    "data": [
      {
        "text": "dimanche",
        "alias": "date",
        "meta": "@sys.date",
        "userDefined": false
      }
    ],
    "isTemplate": false,
    "count": 0,
    "updated": 0
  },
  {
    "id": "af65708a-01c8-4a4e-ade6-c66d2c45cfc7",
    "data": [
      {
        "text": "samedi",
        "alias": "date",
        "meta": "@sys.date",
        "userDefined": false
      }
    ],
    "isTemplate": false,
    "count": 0,
    "updated": 0
  },
  {
    "id": "d146642b-071a-491e-96c2-647c80755880",
    "data": [
      {
        "text": "vendredi",
        "alias": "date",
        "meta": "@sys.date",
        "userDefined": false
      }
    ],
    "isTemplate": false,
    "count": 0,
    "updated": 0
  },
  {
    "id": "024d66aa-2cd4-4dfa-b748-f18d1373f04f",
    "data": [
      {
        "text": "jeudi",
        "alias": "date",
        "meta": "@sys.date",
        "userDefined": false
      }
    ],
    "isTemplate": false,
    "count": 0,
    "updated": 0
  },
  {
    "id": "2cb24e93-4182-4f9c-801e-fe32b6146053",
    "data": [
      {
        "text": "mercredi",
        "alias": "date",
        "meta": "@sys.date",
        "userDefined": false
      }
    ],
    "isTemplate": false,
    "count": 0,
    "updated": 0
  },
  {
    "id": "361a9bd3-28dc-47c2-ac05-3fb5cb20cc0a",
    "data": [
      {
        "text": "mardi",
        "alias": "date",
        "meta": "@sys.date",
        "userDefined": false
      }
    ],
    "isTemplate": false,
    "count": 0,
    "updated": 0
  },
  {
    "id": "6468a453-6b70-4a7d-ba00-71ced0891416",
    "data": [
      {
        "text": "lundi",
        "alias": "date",
        "meta": "@sys.date",
        "userDefined": false
      }
    ],
    "isTemplate": false,
    "count": 0,
    "updated": 0
  }
]