[
  {
    "id": "243ad2da-0277-42a3-b519-c280b9153378",
    "data": [
      {
        "text": "je sais pas",
        "userDefined": false
      }
    ],
    "isTemplate": false,
    "count": 1,
    "updated": 0
  },
  {
    "id": "488d3a26-ec21-46cc-b115-ff9b48f104a1",
    "data": [
      {
        "text": "je ne sais pas ce que je veux manger",
        "userDefined": false
      }
    ],
    "isTemplate": false,
    "count": 0,
    "updated": 0
  },
  {
    "id": "7404084d-a8f9-4921-8f05-9d0066e3de64",
    "data": [
      {
        "text": "j\u0027sais pas",
        "userDefined": false
      }
    ],
    "isTemplate": false,
    "count": 0,
    "updated": 0
  },
  {
    "id": "878af940-dc2c-4a46-8fdb-3aabb0cf278f",
    "data": [
      {
        "text": "j\u0027en sais rien",
        "userDefined": false
      }
    ],
    "isTemplate": false,
    "count": 0,
    "updated": 0
  },
  {
    "id": "0af3b141-6fdf-42f2-9059-bb1f5688a569",
    "data": [
      {
        "text": "je verrai plus tard",
        "userDefined": false
      }
    ],
    "isTemplate": false,
    "count": 0,
    "updated": 0
  },
  {
    "id": "f120232c-7119-48c7-ad9a-55c4b08cd857",
    "data": [
      {
        "text": "je ne sais pas",
        "userDefined": false
      }
    ],
    "isTemplate": false,
    "count": 0,
    "updated": 0
  },
  {
    "id": "b545286f-46d4-4a33-a365-1e8770449ab6",
    "data": [
      {
        "text": "je ne sais pas encore",
        "userDefined": false
      }
    ],
    "isTemplate": false,
    "count": 0,
    "updated": 0
  }
]